chgis_sys_id	dila_pl_id	match_method	delta_lat	delta_lon	name
95019	PL000000015619	name-only			太平縣
95025	PL000000003983	name-only			鎮虜衛
95026	PL000000003983	name-only			鎮虜衛
95064	PL000000003983	name-only			鎮虜衛
95065	PL000000003982	name-only			天成衛
95071	PL000000003966	name-only			陽和衛
95110	PL000000005521	name-only			堅州
95116	PL000000005652	name-only			崞州
95118	PL000000034136	name-only			石城縣
95144	PL000000006216	name-only			汾陽縣
95168	PL000000021448	name-only			中都縣
95215	PL000000005994	name-only			彘縣
95217	PL000000005994	name-only			彘縣
95234	PL000000034868	name-only			萬春縣
95273	PL000000034861	name-only			興樂縣
95309	PL000000004677	name-only			榆社縣
95310	PL000000004677	name-only			榆社縣
95311	PL000000004677	name-only			榆社縣
95312	PL000000004677	name-only			榆社縣
95358	PL000000005580	name-only			樓煩縣
95359	PL000000005580	name-only			樓煩縣
95415	PL000000029710	name-only			平陽縣
95419	PL000000029710	name-only			平陽縣
95429	PL000000015619	name-only			太平縣
95430	PL000000015619	name-only			太平縣
95431	PL000000015619	name-only			太平縣
95461	PL000000005819	name-only			和川縣
95462	PL000000005819	name-only			和川縣
95466	PL000000005819	name-only			和川縣
95492	PL000000001718	name-only			永濟縣
95500	PL000000004282	name-only			甲水縣
95501	PL000000004282	name-only			甲水縣
95523	PL000000004548	name-only			平虜衛
95524	PL000000004548	name-only			平虜衛
95542	PL000000004521	name-only			陰館縣
95544	PL000000004521	name-only			陰館縣
95545	PL000000004521	name-only			陰館縣
95552	PL000000004521	name-only			陰館縣
95558	PL000000004632	name-only			威遠衛
95559	PL000000000495	name-only			定邊衛
95563	PL000000004053	name-only			大同左衛
95567	PL000000000781	name-only			鎮朔衛
95576	PL000000005595	name-only			岢嵐州
95613	PL000000009460	name-only			臨津縣
95623	PL000000003830	name-only			清源縣
95624	PL000000003830	name-only			清源縣
95633	PL000000006216	name-only			汾陽縣
95635	PL000000006216	name-only			汾陽縣
200006	PL000000021448	name-only			中都縣
95648	PL000000021448	name-only			中都縣
95651	PL000000034136	name-only			石城縣
95679	PL000000045694	name-only			晉昌縣
95689	PL000000005580	name-only			樓煩縣
95733	PL000000015619	name-only			太平縣
44927	PL000000009460	name-only			臨津縣
87383	PL000000059292	name-only			陽信縣
87132	PL000000002780	name-only			茹縣
87134	PL000000002780	name-only			茹縣
87434	PL000000003439	name-only			路縣
87477	PL000000001328	name-only			絫縣
87479	PL000000001328	name-only			絫縣
88270	PL000000002854	name-only			龍門縣
87457	PL000000002934	name-only			字縣
88484	PL000000007075	name-only			承德
44758	PL000000058984	name-only			中山縣
44870	PL000000003242	name-only			莫縣
44965	PL000000058984	name-only			中山縣
88434	PL000000000835	name-only			葦澤縣
44987	PL000000059226	name-only			房山縣
85080	PL000000024753	name-only			觀縣
85082	PL000000024753	name-only			觀縣
85086	PL000000024744	name-only			觀城縣
85087	PL000000024744	name-only			觀城縣
85088	PL000000024744	name-only			觀城縣
85197	PL000000010646	name-only			東陽縣
87084	PL000000001015	name-only			常山國
87086	PL000000001015	name-only			常山國
87180	PL000000001940	name-only			貰縣
87181	PL000000003702	name-only			郻縣
87230	PL000000000875	name-only			關縣
87270	PL000000002088	name-only			繚縣
87277	PL000000012640	name-only			樂成縣
87279	PL000000012640	name-only			樂成縣
87367	PL000000002558	name-only			新昌縣
87515	PL000000000793	name-only			真定國
87516	PL000000000793	name-only			真定國
87618	PL000000012640	name-only			樂成縣
87700	PL000000002414	name-only			完州
87708	PL000000002395	name-only			蠡州
87709	PL000000002395	name-only			蠡州
87710	PL000000002395	name-only			蠡州
87922	PL000000000394	name-only			廣平縣
87980	PL000000001418	name-only			昭義縣
88008	PL000000003211	name-only			獻州
88030	PL000000003242	name-only			莫縣
88499	PL000000007010	name-only			多倫諾爾廳
44888	PL000000003514	name-only			武強縣
44889	PL000000003519	name-only			蕪蔞縣
79022	PL000000007408	name-only			錦縣
79024	PL000000058601	name-only			綏中縣
79027	PL000000007306	name-only			興京廳
79033	PL000000007735	name-only			昌圖廳
79039	PL000000007251	name-only			岫岩廳
79072	PL000000035015	name-only			濛江
200027	PL000000020277	name-only			濟南
45066	PL000000003514	name-only			武強縣
45078	PL000000022298	name-only			瑗縣
45085	PL000000022288	name-only			禹城縣
45086	PL000000022288	name-only			禹城縣
45120	PL000000022298	name-only			瑗縣
45127	PL000000020307	name-only			茬縣
45132	PL000000003793	name-only			太原縣
45189	PL000000029710	name-only			平陽縣
45195	PL000000021352	name-only			橐縣
45197	PL000000021352	name-only			橐縣
45228	PL000000020713	name-only			嶧州
45229	PL000000020713	name-only			嶧州
45242	PL000000018364	name-only			建陽縣
45247	PL000000021448	name-only			中都縣
45258	PL000000010558	name-only			壽張縣
45260	PL000000010558	name-only			壽張縣
45261	PL000000010558	name-only			壽張縣
45262	PL000000010558	name-only			壽張縣
45263	PL000000010558	name-only			壽張縣
45264	PL000000010558	name-only			壽張縣
45265	PL000000010558	name-only			壽張縣
45266	PL000000010558	name-only			壽張縣
45271	PL000000021537	name-only			瑕縣
45280	PL000000021647	name-only			龔縣
45301	PL000000002788	name-only			永興縣
45315	PL000000022318	name-only			清縣
45317	PL000000022318	name-only			清縣
85033	PL000000022854	name-only			秺縣
85035	PL000000022854	name-only			秺縣
85039	PL000000022931	name-only			黎縣
85041	PL000000022931	name-only			黎縣
85044	PL000000022931	name-only			黎縣
85089	PL000000024744	name-only			觀城縣
85183	PL000000001718	name-only			永濟縣
85196	PL000000010646	name-only			東陽縣
85242	PL000000014830	name-only			樂安縣
85245	PL000000058920	name-only			博興縣
85247	PL000000058920	name-only			博興縣
85249	PL000000014830	name-only			樂安縣
85259	PL000000014830	name-only			樂安縣
85277	PL000000021196	name-only			益縣
85279	PL000000021196	name-only			益縣
85339	PL000000021134	name-only			昌縣
85341	PL000000021163	name-only			橫縣
85343	PL000000021163	name-only			橫縣
85412	PL000000021798	name-only			靖海衛
85413	PL000000020999	name-only			大嵩衛
85414	PL000000021801	name-only			成山衛
85415	PL000000010146	name-only			海陽縣
85417	PL000000021769	name-only			威海衛
85515	PL000000021214	name-only			斟縣
85517	PL000000020485	name-only			邞縣
85519	PL000000020485	name-only			邞縣
85520	PL000000020569	name-only			靈山衛
85530	PL000000059292	name-only			陽信縣
85531	PL000000059292	name-only			陽信縣
85532	PL000000059292	name-only			陽信縣
85533	PL000000059292	name-only			陽信縣
85534	PL000000059292	name-only			陽信縣
85542	PL000000022588	name-only			朸縣
85581	PL000000009408	name-only			利城縣
85673	PL000000029710	name-only			平陽縣
85701	PL000000021747	name-only			肥城縣
85702	PL000000021747	name-only			肥城縣
85703	PL000000021747	name-only			肥城縣
44356	PL000000023108	name-only			中牟縣
44357	PL000000023108	name-only			中牟縣
44358	PL000000023108	name-only			中牟縣
44363	PL000000023108	name-only			中牟縣
44364	PL000000023108	name-only			中牟縣
44376	PL000000023499	name-only			儀封廳
82008	PL000000039482	name-only			新平縣
82010	PL000000039482	name-only			新平縣
82020	PL000000026009	name-only			西華縣
82022	PL000000026009	name-only			西華縣
82024	PL000000026009	name-only			西華縣
82026	PL000000026009	name-only			西華縣
82027	PL000000026009	name-only			西華縣
82035	PL000000026009	name-only			西華縣
82039	PL000000026009	name-only			西華縣
82106	PL000000025694	name-only			栗縣
82108	PL000000025694	name-only			栗縣
82110	PL000000025694	name-only			栗縣
82130	PL000000007819	name-only			建平縣
82132	PL000000007819	name-only			建平縣
82136	PL000000007819	name-only			建平縣
82138	PL000000007819	name-only			建平縣
82173	PL000000025634	name-only			傿縣
82220	PL000000024218	name-only			林州
82221	PL000000024218	name-only			林州
82226	PL000000055233	name-only			武安縣
82228	PL000000055233	name-only			武安縣
82229	PL000000055233	name-only			武安縣
82230	PL000000055233	name-only			武安縣
82231	PL000000055233	name-only			武安縣
82232	PL000000055233	name-only			武安縣
82282	PL000000024385	name-only			酸棗縣
82283	PL000000024385	name-only			酸棗縣
82284	PL000000024385	name-only			酸棗縣
82318	PL000000024248	name-only			浚州
82328	PL000000025586	name-only			甾縣
82330	PL000000025586	name-only			甾縣
82331	PL000000025587	name-only			考城縣
82334	PL000000025587	name-only			考城縣
82336	PL000000025587	name-only			考城縣
82337	PL000000025587	name-only			考城縣
82338	PL000000025587	name-only			考城縣
82339	PL000000025587	name-only			考城縣
82340	PL000000025587	name-only			考城縣
82341	PL000000025587	name-only			考城縣
82342	PL000000025587	name-only			考城縣
82396	PL000000023108	name-only			中牟縣
82535	PL000000055319	name-only			忠義縣
82564	PL000000014830	name-only			樂安縣
82626	PL000000055832	name-only			武川縣
82667	PL000000009492	name-only			義鄉縣
82702	PL000000012640	name-only			樂成縣
82704	PL000000012640	name-only			樂成縣
82706	PL000000012640	name-only			樂成縣
82711	PL000000025467	name-only			臨湍縣
82715	PL000000025467	name-only			臨湍縣
82838	PL000000023582	name-only			永昌縣
82892	PL000000058498	name-only			登封縣
82895	PL000000058498	name-only			登封縣
82941	PL000000059449	name-only			金門縣
82942	PL000000023582	name-only			永昌縣
82949	PL000000025078	name-only			崤縣
82950	PL000000025078	name-only			崤縣
82951	PL000000025078	name-only			崤縣
82952	PL000000025078	name-only			崤縣
82953	PL000000025078	name-only			崤縣
82992	PL000000047172	name-only			寶豐縣
82993	PL000000047172	name-only			寶豐縣
83007	PL000000024836	name-only			潁陰縣
83009	PL000000024836	name-only			潁陰縣
83010	PL000000024836	name-only			潁陰縣
83027	PL000000059077	name-only			襄城縣
83029	PL000000059077	name-only			襄城縣
83031	PL000000059077	name-only			襄城縣
83077	PL000000034136	name-only			石城縣
83082	PL000000059285	name-only			確山縣
83094	PL000000059285	name-only			確山縣
83103	PL000000029710	name-only			平陽縣
83105	PL000000029710	name-only			平陽縣
83125	PL000000055279	name-only			高安縣
70206	PL000000039482	name-only			新平縣
70261	PL000000043117	name-only			好畤縣
70262	PL000000043117	name-only			好畤縣
70264	PL000000043117	name-only			好畤縣
70265	PL000000043117	name-only			好畤縣
70270	PL000000015029	name-only			龍泉縣
70351	PL000000043330	name-only			潼關廳
70421	PL000000043117	name-only			好畤縣
70425	PL000000043440	name-only			徵縣
70429	PL000000043331	name-only			船司空
70635	PL000000042433	name-only			杜城
70725	PL000000027718	name-only			新豐縣
70726	PL000000027718	name-only			新豐縣
70727	PL000000027718	name-only			新豐縣
70728	PL000000027718	name-only			新豐縣
70730	PL000000027718	name-only			新豐縣
70795	PL000000043286	name-only			下邽縣
70796	PL000000043286	name-only			下邽縣
70797	PL000000043286	name-only			下邽縣
70800	PL000000043286	name-only			下邽縣
70801	PL000000043286	name-only			下邽縣
70844	PL000000044579	name-only			孝義廳
70845	PL000000044579	name-only			孝義廳
70846	PL000000044420	name-only			寧陝廳
70894	PL000000042849	name-only			天興縣
70895	PL000000042849	name-only			天興縣
70931	PL000000029710	name-only			平陽縣
70983	PL000000058510	name-only			南鄭縣
200046	PL000000058510	name-only			南鄭縣
71141	PL000000044054	name-only			定遠廳
71142	PL000000044067	name-only			留壩廳
200076	PL000000044464	name-only			洵陽縣
200077	PL000000044464	name-only			洵陽縣
200079	PL000000026645	name-only			錫縣
200080	PL000000026645	name-only			錫縣
71218	PL000000055233	name-only			武安縣
71244	PL000000044396	name-only			漢陰廳
70013	PL000000046082	name-only			定西城
70014	PL000000046082	name-only			定西城
70031	PL000000044738	name-only			彰縣
70033	PL000000058982	name-only			新興縣
70073	PL000000046392	name-only			基城縣
70074	PL000000046392	name-only			基城縣
70080	PL000000046642	name-only			洮州廳
70130	PL000000031148	name-only			永固縣
70131	PL000000046710	name-only			白石縣
70176	PL000000013116	name-only			長城縣
70187	PL000000008482	name-only			華亭縣
70189	PL000000008482	name-only			華亭縣
70190	PL000000008482	name-only			華亭縣
70454	PL000000045694	name-only			晉昌縣
70457	PL000000045686	name-only			會稽縣
70458	PL000000045667	name-only			新鄉縣
70460	PL000000045686	name-only			會稽縣
70499	PL000000007045	name-only			張掖居延屬國
70503	PL000000057416	name-only			金山縣
70519	PL000000023582	name-only			永昌縣
70563	PL000000047082	name-only			寧夏
70566	PL000000047175	name-only			平羅
70569	PL000000047172	name-only			寶豐縣
70588	PL000000046958	name-only			貴德廳
70589	PL000000046859	name-only			循化廳
71081	PL000000046510	name-only			徽縣
71083	PL000000046510	name-only			徽縣
44397	PL000000034775	name-only			蜀縣
44417	PL000000034861	name-only			興樂縣
44434	PL000000010646	name-only			東陽縣
44455	PL000000034868	name-only			萬春縣
44456	PL000000034868	name-only			萬春縣
44468	PL000000037267	name-only			牛鞞縣
44470	PL000000037267	name-only			牛鞞縣
44488	PL000000058945	name-only			奉節縣
44489	PL000000058945	name-only			奉節縣
44490	PL000000058945	name-only			奉節縣
44491	PL000000058945	name-only			奉節縣
44492	PL000000058945	name-only			奉節縣
44521	PL000000034466	name-only			新浦縣
44523	PL000000034466	name-only			新浦縣
44532	PL000000018882	name-only			武寧縣
44592	PL000000058953	name-only			廣元縣
44608	PL000000034861	name-only			興樂縣
44612	PL000000037190	name-only			通江縣
44613	PL000000037190	name-only			通江縣
44614	PL000000037190	name-only			通江縣
44617	PL000000015619	name-only			太平縣
44619	PL000000046710	name-only			白石縣
44620	PL000000046710	name-only			白石縣
44629	PL000000033941	name-only			曾口縣
44643	PL000000007727	name-only			歸仁縣
44648	PL000000009460	name-only			臨津縣
44669	PL000000034868	name-only			萬春縣
44708	PL000000034201	name-only			永川縣
44709	PL000000034201	name-only			永川縣
44710	PL000000034298	name-only			昌元縣
44711	PL000000034298	name-only			昌元縣
44712	PL000000034298	name-only			昌元縣
44713	PL000000034298	name-only			昌元縣
44717	PL000000034292	name-only			大足縣
44718	PL000000034292	name-only			大足縣
44719	PL000000034292	name-only			大足縣
44736	PL000000029975	name-only			南平縣
44737	PL000000029975	name-only			南平縣
44738	PL000000034084	name-only			江北廳
99016	PL000000038015	name-only			習安州
200109	PL000000038297	name-only			慕役司
99032	PL000000038310	name-only			歸化廳
99033	PL000000038008	name-only			郎岱廳
99047	PL000000058982	name-only			新興縣
200115	PL000000038851	name-only			平浪司
200116	PL000000038973	name-only			平洲六洞司
200121	PL000000039086	name-only			合江洲陳蒙爛土司
99090	PL000000038832	name-only			八寨廳
200123	PL000000038808	name-only			丹江廳
200124	PL000000039085	name-only			都江廳
99100	PL000000014830	name-only			樂安縣
200126	PL000000037967	name-only			養龍司
200130	PL000000037953	name-only			乖西司
200131	PL000000039053	name-only			程番司
200132	PL000000039049	name-only			小程番司
200133	PL000000039048	name-only			上馬橋司
200139	PL000000039055	name-only			臥龍番司
200140	PL000000039072	name-only			金石番司
200141	PL000000039065	name-only			羅番司
99182	PL000000039054	name-only			定番州
99203	PL000000039011	name-only			廣順州
99204	PL000000039017	name-only			長寨廳
99217	PL000000039001	name-only			羅斛廳
200145	PL000000038756	name-only			潭溪司
200153	PL000000038731	name-only			中林驗洞司
200155	PL000000038806	name-only			西山陽洞司
200156	PL000000038717	name-only			赤溪湳洞司
99250	PL000000038192	name-only			義泉縣
99251	PL000000038192	name-only			義泉縣
99255	PL000000038204	name-only			白泥
200157	PL000000038203	name-only			白泥司
99261	PL000000038941	name-only			草塘安撫司
99264	PL000000038651	name-only			黃平州
99265	PL000000038651	name-only			黃平州
99267	PL000000038189	name-only			湄潭縣
200159	PL000000038655	name-only			重安司
99276	PL000000038368	name-only			都上縣
99277	PL000000038368	name-only			都上縣
200161	PL000000038371	name-only			水德江司
200165	PL000000038703	name-only			都坪峨異溪司
200166	PL000000038703	name-only			都坪峨異溪司
99329	PL000000038424	name-only			松桃廳
99340	PL000000038504	name-only			貞豐州
99377	PL000000038131	name-only			綏陽縣
99382	PL000000038143	name-only			正安州
99385	PL000000038225	name-only			仁懷廳
45360	PL000000041378	name-only			浪穹詔
45361	PL000000041380	name-only			邆賧詔
45363	PL000000041379	name-only			施浪詔
45367	PL000000041354	name-only			浪穹縣
45393	PL000000041458	name-only			南賧
45408	PL000000041539	name-only			臨西縣
45409	PL000000041539	name-only			臨西縣
45427	PL000000039522	name-only			穹賧
45507	PL000000027718	name-only			新豐縣
45552	PL000000013116	name-only			長城縣
45604	PL000000027718	name-only			新豐縣
45610	PL000000040152	name-only			舍資千戶
80026	PL000000039909	name-only			寶通州
80122	PL000000039942	name-only			耿馬安撫司
80133	PL000000039589	name-only			廣邑州
80134	PL000000039589	name-only			廣邑州
80156	PL000000041399	name-only			鶴慶州
80158	PL000000030030	name-only			鶴州
80178	PL000000040177	name-only			建水
80275	PL000000039579	name-only			龍陵廳
80279	PL000000041473	name-only			隴川宣撫司
80281	PL000000041473	name-only			隴川宣撫司
80379	PL000000041438	name-only			彌城
80383	PL000000039890	name-only			緬寧廳
80410	PL000000041426	name-only			南甸宣撫司
80412	PL000000041426	name-only			南甸宣撫司
80413	PL000000041426	name-only			南甸宣撫司
80414	PL000000040088	name-only			南甸
80462	PL000000039633	name-only			巧家廳
80470	PL000000039903	name-only			慶甸
80507	PL000000040199	name-only			石平州
80514	PL000000039565	name-only			順江州
80529	PL000000039232	name-only			嵩盟部
80545	PL000000039571	name-only			騰充城
80553	PL000000039567	name-only			騰越州
80586	PL000000039560	name-only			瓦甸安撫司
80615	PL000000039828	name-only			威遠廳
80624	PL000000041544	name-only			維西廳
80661	PL000000041418	name-only			些樂城
80711	PL000000041390	name-only			野共州
80767	PL000000039590	name-only			祐甸
80780	PL000000041333	name-only			雲龍甸
80836	PL000000039849	name-only			鎮沅州
80838	PL000000041511	name-only			中甸廳
80846	PL000000039514	name-only			諸葛亮城
43434	PL000000028248	name-only			唐年縣
43436	PL000000028248	name-only			唐年縣
43449	PL000000002788	name-only			永興縣
43450	PL000000002788	name-only			永興縣
43451	PL000000002788	name-only			永興縣
43500	PL000000026536	name-only			灄陽縣
43516	PL000000028049	name-only			希水左縣
43520	PL000000028040	name-only			蘄水左縣
43528	PL000000030841	name-only			信安縣
43555	PL000000002788	name-only			永興縣
43557	PL000000059256	name-only			黃梅縣
43559	PL000000059256	name-only			黃梅縣
43612	PL000000029879	name-only			應陽縣
43615	PL000000029879	name-only			應陽縣
43626	PL000000028356	name-only			唐城縣
43627	PL000000028356	name-only			唐城縣
43629	PL000000028356	name-only			唐城縣
43631	PL000000028356	name-only			唐城縣
43671	PL000000029710	name-only			平陽縣
43673	PL000000033861	name-only			吉陽縣
43679	PL000000027719	name-only			安興縣
43680	PL000000027718	name-only			新豐縣
43681	PL000000027719	name-only			安興縣
43704	PL000000027833	name-only			監利縣
43705	PL000000027833	name-only			監利縣
43706	PL000000027833	name-only			監利縣
43707	PL000000027833	name-only			監利縣
43708	PL000000027833	name-only			監利縣
45683	PL000000027516	name-only			若縣
45732	PL000000027263	name-only			汎陽縣
45758	PL000000029710	name-only			平陽縣
45769	PL000000027429	name-only			荊門縣
45772	PL000000027429	name-only			荊門縣
45785	PL000000055279	name-only			高安縣
45851	PL000000028523	name-only			容美宣撫司
45852	PL000000028523	name-only			容美宣撫司
45860	PL000000028477	name-only			施南宣撫司
45863	PL000000028472	name-only			東鄉五路安撫司
45864	PL000000028472	name-only			東鄉五路安撫司
45871	PL000000028437	name-only			忠路安撫司
45872	PL000000028437	name-only			忠路安撫司
45876	PL000000028434	name-only			忠孝安撫司
45877	PL000000028434	name-only			忠孝安撫司
45879	PL000000028496	name-only			金峒安撫司
45880	PL000000028496	name-only			金峒安撫司
45881	PL000000028496	name-only			金峒安撫司
45885	PL000000028509	name-only			散毛宣撫司
45887	PL000000028509	name-only			散毛宣撫司
45890	PL000000028499	name-only			龍潭安撫司
45891	PL000000028499	name-only			龍潭安撫司
45893	PL000000028516	name-only			大旺安撫司
45899	PL000000028488	name-only			忠建宣撫司
45901	PL000000028488	name-only			忠建宣撫司
45903	PL000000028484	name-only			忠峒安撫司
45918	PL000000026641	name-only			鄖鄉縣
45919	PL000000026641	name-only			鄖鄉縣
45922	PL000000026749	name-only			光遷縣
45930	PL000000038131	name-only			綏陽縣
45932	PL000000038131	name-only			綏陽縣
45940	PL000000027718	name-only			新豐縣
45952	PL000000033861	name-only			吉陽縣
45959	PL000000026671	name-only			長利縣
45960	PL000000026671	name-only			長利縣
45961	PL000000026671	name-only			長利縣
45968	PL000000029710	name-only			平陽縣
45983	PL000000029710	name-only			平陽縣
45985	PL000000022318	name-only			清縣
45996	PL000000028427	name-only			施州衛
46004	PL000000027858	name-only			郢縣
46006	PL000000027858	name-only			郢縣
200177	PL000000034136	name-only			石城縣
200178	PL000000034136	name-only			石城縣
200179	PL000000034136	name-only			石城縣
96302	PL000000017263	name-only			永泰縣
96303	PL000000017263	name-only			永泰縣
96304	PL000000035510	name-only			安泰尉司
96305	PL000000017263	name-only			永泰縣
96217	PL000000018032	name-only			綏安縣
96242	PL000000012607	name-only			安固縣
96261	PL000000034136	name-only			石城縣
96263	PL000000036905	name-only			達縣
96265	PL000000036905	name-only			達縣
200200	PL000000015619	name-only			太平縣
200209	PL000000015619	name-only			太平縣
200210	PL000000015619	name-only			太平縣
96059	PL000000035968	name-only			平羌縣
96060	PL000000056091	name-only			峨眉縣
96061	PL000000037012	name-only			青衣縣
96066	PL000000056091	name-only			峨眉縣
96071	PL000000035991	name-only			綏山縣
96072	PL000000036023	name-only			玉津縣
96073	PL000000036378	name-only			羅目縣
96074	PL000000036378	name-only			羅目縣
96075	PL000000036378	name-only			羅目縣
96088	PL000000035968	name-only			平羌縣
96089	PL000000035968	name-only			平羌縣
96090	PL000000035968	name-only			平羌縣
96091	PL000000035120	name-only			和義縣
200214	PL000000035918	name-only			威遠縣
96099	PL000000035918	name-only			威遠縣
96100	PL000000035918	name-only			威遠縣
200215	PL000000035918	name-only			威遠縣
96391	PL000000035938	name-only			資縣
96397	PL000000035932	name-only			月山縣
96398	PL000000035950	name-only			銀山縣
200217	PL000000037267	name-only			牛鞞縣
96407	PL000000035931	name-only			龍水縣
96409	PL000000035931	name-only			龍水縣
96172	PL000000046578	name-only			安樂縣
96188	PL000000037012	name-only			青衣縣
96371	PL000000037076	name-only			黎州安撫司
96381	PL000000037012	name-only			青衣縣
96389	PL000000037126	name-only			天全州
200227	PL000000037612	name-only			打箭爐廳
200229	PL000000037608	name-only			安良廳
200478	PL000000037683	name-only			三壩廳
200479	PL000000041650	name-only			鹽井縣
200480	PL000000037687	name-only			定鄉縣
200232	PL000000037673	name-only			石渠縣
200482	PL000000041613	name-only			同普縣
200483	PL000000037670	name-only			白玉州
96032	PL000000046578	name-only			安樂縣
96349	PL000000035255	name-only			敘永廳
96124	PL000000017172	name-only			羅江縣
96125	PL000000017172	name-only			羅江縣
200239	PL000000017172	name-only			羅江縣
200240	PL000000057416	name-only			金山縣
200258	PL000000037365	name-only			保縣
200259	PL000000037365	name-only			保縣
96155	PL000000035050	name-only			火井縣
96156	PL000000035050	name-only			火井縣
96157	PL000000035050	name-only			火井縣
200266	PL000000034963	name-only			惠民監
200286	PL000000037752	name-only			閏鹽
200297	PL000000037819	name-only			昭覺縣
200298	PL000000037777	name-only			威龍州
200306	PL000000037901	name-only			中縣
200311	PL000000037813	name-only			闊州
200313	PL000000037698	name-only			禮州
200317	PL000000037803	name-only			黎溪州
200351	PL000000036761	name-only			淯井監
200357	PL000000036784	name-only			高縣
200359	PL000000036784	name-only			高縣
200372	PL000000036083	name-only			馬邊廳
200376	PL000000037898	name-only			雷波廳
200385	PL000000038575	name-only			黔西州
200388	PL000000038004	name-only			水城廳
70987	PL000000058510	name-only			南鄭縣
200489	PL000000039566	name-only			騰越廳
200455	PL000000038746	name-only			台拱廳
200456	PL000000038740	name-only			清江廳
200459	PL000000038791	name-only			古州廳
200460	PL000000038804	name-only			下江廳
43778	PL000000032417	name-only			龍勝廳
43786	PL000000039482	name-only			新平縣
43829	PL000000033565	name-only			武化縣
43830	PL000000033565	name-only			武化縣
43857	PL000000021163	name-only			橫縣
43888	PL000000033812	name-only			石西州
43894	PL000000033761	name-only			萬形州
43896	PL000000033659	name-only			談州
43897	PL000000033660	name-only			譚州
43903	PL000000033093	name-only			功饒州
43921	PL000000033174	name-only			臨賀縣
43923	PL000000033174	name-only			臨賀縣
43924	PL000000033174	name-only			臨賀縣
43926	PL000000033235	name-only			蕩山縣
43960	PL000000031912	name-only			正義縣
43964	PL000000035931	name-only			龍水縣
43984	PL000000032156	name-only			思順州
43986	PL000000033500	name-only			述昆州
43989	PL000000033499	name-only			琳州
44010	PL000000033409	name-only			撫水州
44025	PL000000032031	name-only			南丹衛
44027	PL000000033562	name-only			紆州
44035	PL000000033561	name-only			歸思州
44036	PL000000033365	name-only			思農州
44039	PL000000033429	name-only			永順司
44041	PL000000033445	name-only			永安司
44042	PL000000033447	name-only			永順副司
44050	PL000000032031	name-only			南丹衛
44051	PL000000032031	name-only			南丹衛
44080	PL000000033744	name-only			思城州
44082	PL000000033021	name-only			百色廳
44086	PL000000033126	name-only			泗城府
44093	PL000000033151	name-only			路程州
44094	PL000000033138	name-only			路城州
44096	PL000000033323	name-only			羅博州
44108	PL000000033689	name-only			寧明州
44109	PL000000033689	name-only			寧明州
44112	PL000000033696	name-only			明江廳
44113	PL000000033696	name-only			明江廳
44139	PL000000033718	name-only			龍州廳
44167	PL000000029770	name-only			義昌縣
44202	PL000000031148	name-only			永固縣
44203	PL000000031148	name-only			永固縣
44209	PL000000032853	name-only			武靖州
44236	PL000000002716	name-only			懷安縣
44300	PL000000032786	name-only			向武所
44311	PL000000033121	name-only			小鎮安廳
43823	PL000000055233	name-only			武安縣
43934	PL000000020040	name-only			永豐縣
43935	PL000000020040	name-only			永豐縣
40164	PL000000017174	name-only			冶縣
40179	PL000000002716	name-only			懷安縣
40180	PL000000002716	name-only			懷安縣
40181	PL000000002716	name-only			懷安縣
40192	PL000000023582	name-only			永昌縣
40194	PL000000017494	name-only			福清縣
40196	PL000000017494	name-only			福清縣
40197	PL000000017494	name-only			福清縣
40198	PL000000017494	name-only			福清縣
40203	PL000000023582	name-only			永昌縣
40211	PL000000017263	name-only			永泰縣
40213	PL000000017172	name-only			羅江縣
40236	PL000000007819	name-only			建平縣
40237	PL000000018364	name-only			建陽縣
40238	PL000000018364	name-only			建陽縣
40239	PL000000018364	name-only			建陽縣
40241	PL000000018364	name-only			建陽縣
40246	PL000000018882	name-only			武寧縣
40257	PL000000017968	name-only			晉江縣
40264	PL000000017562	name-only			馬巷廳
40274	PL000000018032	name-only			綏安縣
40297	PL000000017602	name-only			莆田縣
40298	PL000000017602	name-only			莆田縣
40299	PL000000003830	name-only			清源縣
40301	PL000000058639	name-only			興化縣
40302	PL000000058639	name-only			興化縣
40303	PL000000029975	name-only			南平縣
40308	PL000000029975	name-only			南平縣
40314	PL000000017705	name-only			沙村縣
40329	PL000000018032	name-only			綏安縣
40333	PL000000018092	name-only			蘭水縣
40344	PL000000042849	name-only			天興縣
40345	PL000000042845	name-only			天興
40356	PL000000059214	name-only			嘉義縣
40357	PL000000058933	name-only			彰化縣
40358	PL000000051530	name-only			淡水廳
40359	PL000000051530	name-only			淡水廳
40360	PL000000058831	name-only			新竹縣
40361	PL000000054811	name-only			澎湖廳
40362	PL000000051146	name-only			噶瑪蘭廳
40367	PL000000052724	name-only			雲林縣
40368	PL000000052724	name-only			雲林縣
40369	PL000000059045	name-only			苗栗縣
40374	PL000000051443	name-only			南雅廳
40136	PL000000013116	name-only			長城縣
40137	PL000000013116	name-only			長城縣
40139	PL000000013116	name-only			長城縣
40156	PL000000013084	name-only			武原縣
40162	PL000000009492	name-only			義鄉縣
40066	PL000000012816	name-only			海鹽縣
40067	PL000000012816	name-only			海鹽縣
40069	PL000000012816	name-only			海鹽縣
40070	PL000000012816	name-only			海鹽縣
40071	PL000000012816	name-only			海鹽縣
40072	PL000000012816	name-only			海鹽縣
40073	PL000000012816	name-only			海鹽縣
40075	PL000000012816	name-only			海鹽縣
40093	PL000000012113	name-only			臨安縣
40095	PL000000012113	name-only			臨安縣
40097	PL000000012113	name-only			臨安縣
40098	PL000000012113	name-only			臨安縣
40112	PL000000012857	name-only			鹽官縣
40114	PL000000012857	name-only			鹽官縣
40138	PL000000013116	name-only			長城縣
40378	PL000000059217	name-only			常熟縣
40379	PL000000059217	name-only			常熟縣
40380	PL000000059217	name-only			常熟縣
40382	PL000000059217	name-only			常熟縣
40386	PL000000059146	name-only			崇明縣
40387	PL000000059146	name-only			崇明縣
40388	PL000000059146	name-only			崇明縣
40389	PL000000059146	name-only			崇明縣
40390	PL000000059146	name-only			崇明縣
40391	PL000000008423	name-only			嘉定縣
40393	PL000000008423	name-only			嘉定縣
40409	PL000000010098	name-only			太湖廳
40413	PL000000009925	name-only			吳江縣
40415	PL000000009925	name-only			吳江縣
40417	PL000000010146	name-only			海陽縣
40418	PL000000010200	name-only			信義縣
40419	PL000000010158	name-only			海虞縣
40420	PL000000010161	name-only			興國縣
40422	PL000000008454	name-only			前京縣
40431	PL000000009408	name-only			利城縣
40432	PL000000009408	name-only			利城縣
40454	PL000000059258	name-only			武進縣
40456	PL000000059258	name-only			武進縣
40457	PL000000059258	name-only			武進縣
40459	PL000000059258	name-only			武進縣
40464	PL000000009460	name-only			臨津縣
40465	PL000000009460	name-only			臨津縣
40467	PL000000009483	name-only			國山縣
40468	PL000000018032	name-only			綏安縣
40477	PL000000008431	name-only			川沙廳
40487	PL000000057416	name-only			金山縣
40488	PL000000057416	name-only			金山縣
40493	PL000000008482	name-only			華亭縣
40495	PL000000008482	name-only			華亭縣
40505	PL000000057416	name-only			金山縣
40506	PL000000057416	name-only			金山縣
40508	PL000000057416	name-only			金山縣
40526	PL000000009015	name-only			江乘縣
40528	PL000000009015	name-only			江乘縣
40530	PL000000009015	name-only			江乘縣
40531	PL000000011071	name-only			句容縣
40533	PL000000011071	name-only			句容縣
40535	PL000000011071	name-only			句容縣
40538	PL000000009121	name-only			江寧縣
40539	PL000000009121	name-only			江寧縣
40544	PL000000009121	name-only			江寧縣
40548	PL000000009121	name-only			江寧縣
40565	PL000000058642	name-only			丹徒縣
40566	PL000000059258	name-only			武進縣
40567	PL000000058642	name-only			丹徒縣
40568	PL000000058642	name-only			丹徒縣
40570	PL000000058642	name-only			丹徒縣
40594	PL000000057416	name-only			金山縣
40604	PL000000015029	name-only			龍泉縣
40606	PL000000015029	name-only			龍泉縣
40607	PL000000059067	name-only			青田縣
40623	PL000000046710	name-only			白石縣
40628	PL000000030841	name-only			信安縣
40644	PL000000055233	name-only			武安縣
40646	PL000000030841	name-only			信安縣
40647	PL000000030841	name-only			信安縣
40655	PL000000014314	name-only			章安縣
40656	PL000000014314	name-only			章安縣
40662	PL000000015619	name-only			太平縣
40664	PL000000014808	name-only			始豐縣
40665	PL000000014808	name-only			始豐縣
40666	PL000000014808	name-only			始豐縣
40668	PL000000059262	name-only			天台縣
40669	PL000000014808	name-only			始豐縣
40671	PL000000059262	name-only			天台縣
40672	PL000000014830	name-only			樂安縣
40673	PL000000014830	name-only			樂安縣
40674	PL000000014830	name-only			樂安縣
40677	PL000000012640	name-only			樂成縣
40678	PL000000012640	name-only			樂成縣
40679	PL000000012640	name-only			樂成縣
40680	PL000000012616	name-only			樂清縣
40685	PL000000029710	name-only			平陽縣
40687	PL000000029710	name-only			平陽縣
40690	PL000000012607	name-only			安固縣
40691	PL000000012607	name-only			安固縣
40692	PL000000012607	name-only			安固縣
40702	PL000000014361	name-only			玉環廳
40705	PL000000010646	name-only			東陽縣
40707	PL000000057416	name-only			金山縣
40714	PL000000013563	name-only			浦陽縣
40715	PL000000013554	name-only			浦江縣
40723	PL000000010646	name-only			東陽縣
40725	PL000000010646	name-only			東陽縣
40763	PL000000045686	name-only			會稽縣
40771	PL000000045686	name-only			會稽縣
40777	PL000000002558	name-only			新昌縣
40782	PL000000002788	name-only			永興縣
40783	PL000000002788	name-only			永興縣
40785	PL000000012420	name-only			餘姚縣
40786	PL000000012420	name-only			餘姚縣
40788	PL000000012420	name-only			餘姚縣
40801	PL000000012018	name-only			建德縣
40802	PL000000012018	name-only			建德縣
40803	PL000000012018	name-only			建德縣
40816	PL000000002558	name-only			新昌縣
40824	PL000000037006	name-only			太平廳
40829	PL000000058642	name-only			丹徒縣
40842	PL000000010161	name-only			興國縣
40846	PL000000019216	name-only			安遠縣
40847	PL000000019216	name-only			安遠縣
40848	PL000000019216	name-only			安遠縣
40849	PL000000019216	name-only			安遠縣
40856	PL000000019229	name-only			定南廳
40857	PL000000029710	name-only			平陽縣
40860	PL000000034136	name-only			石城縣
40869	PL000000019231	name-only			虔南廳
40898	PL000000033861	name-only			吉陽縣
40901	PL000000020040	name-only			永豐縣
40914	PL000000015029	name-only			龍泉縣
40915	PL000000015029	name-only			龍泉縣
40917	PL000000015029	name-only			龍泉縣
40919	PL000000058982	name-only			新興縣
40929	PL000000018746	name-only			蓮花廳
40984	PL000000019923	name-only			南豐縣
40985	PL000000019923	name-only			南豐縣
40986	PL000000019923	name-only			南豐縣
40987	PL000000019923	name-only			南豐縣
40990	PL000000058485	name-only			永城縣
40992	PL000000058485	name-only			永城縣
40993	PL000000058485	name-only			永城縣
41004	PL000000014830	name-only			樂安縣
41115	PL000000059261	name-only			奉新縣
41119	PL000000018882	name-only			武寧縣
41121	PL000000018882	name-only			武寧縣
41122	PL000000018882	name-only			武寧縣
41123	PL000000018901	name-only			分寧縣
41174	PL000000014830	name-only			樂安縣
41181	PL000000039482	name-only			新平縣
41190	PL000000013116	name-only			長城縣
41204	PL000000019097	name-only			貴溪縣
41208	PL000000020040	name-only			永豐縣
41209	PL000000020040	name-only			永豐縣
41211	PL000000047172	name-only			寶豐縣
41212	PL000000047172	name-only			寶豐縣
41219	PL000000055279	name-only			高安縣
41252	PL000000002558	name-only			新昌縣
41227	PL000000002558	name-only			新昌縣
41182	PL000000002558	name-only			新昌縣
41306	PL000000002716	name-only			懷安縣
41307	PL000000017076	name-only			旌德縣
41308	PL000000015619	name-only			太平縣
41309	PL000000015619	name-only			太平縣
41310	PL000000017085	name-only			寧國縣
41311	PL000000017085	name-only			寧國縣
41312	PL000000017085	name-only			寧國縣
41317	PL000000015299	name-only			當塗縣
41326	PL000000010146	name-only			海陽縣
41330	PL000000015710	name-only			祁門縣
41337	PL000000015629	name-only			歸德縣
41341	PL000000034136	name-only			石城縣
41346	PL000000016923	name-only			青陽縣
41349	PL000000016693	name-only			石埭縣
41350	PL000000016693	name-only			石埭縣
41351	PL000000016693	name-only			石埭縣
41352	PL000000016693	name-only			石埭縣
41354	PL000000016672	name-only			至德縣
41357	PL000000018032	name-only			綏安縣
41359	PL000000007819	name-only			建平縣
41363	PL000000012018	name-only			建德縣
41364	PL000000015299	name-only			當塗縣
41695	PL000000029806	name-only			資興縣
41696	PL000000029806	name-only			資興縣
41701	PL000000002788	name-only			永興縣
41708	PL000000029770	name-only			義昌縣
41712	PL000000029784	name-only			桂東縣
41713	PL000000029784	name-only			桂東縣
41725	PL000000028829	name-only			醴陵縣
41726	PL000000028829	name-only			醴陵縣
41728	PL000000028829	name-only			醴陵縣
41730	PL000000028728	name-only			瀏陽縣
41731	PL000000028728	name-only			瀏陽縣
41733	PL000000028728	name-only			瀏陽縣
41743	PL000000028871	name-only			湘鄉州
41765	PL000000028780	name-only			攸州
41798	PL000000007819	name-only			建平縣
41809	PL000000030324	name-only			鳳凰廳
41810	PL000000030324	name-only			鳳凰廳
41811	PL000000030303	name-only			乾州廳
41812	PL000000030333	name-only			永綏廳
41821	PL000000029975	name-only			南平縣
41822	PL000000029975	name-only			南平縣
41824	PL000000029710	name-only			平陽縣
41825	PL000000029710	name-only			平陽縣
41842	PL000000055311	name-only			重安縣
41876	PL000000028804	name-only			茶陵軍
41885	PL000000039482	name-only			新平縣
41900	PL000000029445	name-only			索縣
41920	PL000000046578	name-only			安樂縣
41984	PL000000029925	name-only			永明縣
41985	PL000000029925	name-only			永明縣
41986	PL000000029925	name-only			永明縣
42000	PL000000023582	name-only			永昌縣
42004	PL000000029879	name-only			應陽縣
42024	PL000000003514	name-only			武強縣
42027	PL000000030230	name-only			臨岡縣
42401	PL000000010200	name-only			信義縣
42416	PL000000034136	name-only			石城縣
42418	PL000000034136	name-only			石城縣
42419	PL000000034136	name-only			石城縣
42420	PL000000034136	name-only			石城縣
42442	PL000000033839	name-only			瞫都縣
42452	PL000000033908	name-only			紫貝縣
42457	PL000000033941	name-only			曾口縣
42459	PL000000033939	name-only			南建州
42463	PL000000033869	name-only			樂會縣
42464	PL000000033869	name-only			樂會縣
42465	PL000000033869	name-only			樂會縣
42466	PL000000033869	name-only			樂會縣
42467	PL000000033869	name-only			樂會縣
42468	PL000000033869	name-only			樂會縣
42477	PL000000033889	name-only			儋州
42478	PL000000033890	name-only			洛場縣
42479	PL000000033890	name-only			洛場縣
42505	PL000000033861	name-only			吉陽縣
42506	PL000000033861	name-only			吉陽縣
42508	PL000000033867	name-only			落屯縣
42517	PL000000033928	name-only			九龍縣
42519	PL000000033974	name-only			至來縣
42520	PL000000033898	name-only			儋耳縣
42551	PL000000019216	name-only			安遠縣
42554	PL000000010308	name-only			海安縣
42644	PL000000031912	name-only			正義縣
42645	PL000000031912	name-only			正義縣
42140	PL000000010146	name-only			海陽縣
42142	PL000000010146	name-only			海陽縣
42143	PL000000058550	name-only			潮陽縣
42144	PL000000058550	name-only			潮陽縣
42145	PL000000058550	name-only			潮陽縣
42146	PL000000058550	name-only			潮陽縣
42163	PL000000002716	name-only			懷安縣
42174	PL000000027718	name-only			新豐縣
42189	PL000000031505	name-only			連平州
42191	PL000000034136	name-only			石城縣
42210	PL000000002854	name-only			龍門縣
42241	PL000000030597	name-only			建福縣
42275	PL000000046578	name-only			安樂縣
42282	PL000000058982	name-only			新興縣
42284	PL000000058982	name-only			新興縣
42287	PL000000002558	name-only			新昌縣
42299	PL000000031596	name-only			羅水縣
42328	PL000000010308	name-only			海安縣
42344	PL000000030841	name-only			信安縣
42345	PL000000030841	name-only			信安縣
42346	PL000000030841	name-only			信安縣
42648	PL000000032666	name-only			防城縣
42681	PL000000059061	name-only			江都縣
42682	PL000000059061	name-only			江都縣
42683	PL000000059061	name-only			江都縣
42684	PL000000059061	name-only			江都縣
42698	PL000000010878	name-only			輿國
42707	PL000000010308	name-only			海安縣
42708	PL000000010308	name-only			海安縣
42714	PL000000010929	name-only			高郵縣
42715	PL000000010929	name-only			高郵縣
42716	PL000000010929	name-only			高郵縣
42717	PL000000010929	name-only			高郵縣
42732	PL000000058639	name-only			興化縣
42733	PL000000058639	name-only			興化縣
42735	PL000000010850	name-only			射陽縣
42737	PL000000010850	name-only			射陽縣
42738	PL000000010850	name-only			射陽縣
42741	PL000000058491	name-only			鹽城縣
42742	PL000000010850	name-only			射陽縣
42743	PL000000058491	name-only			鹽城縣
42830	PL000000013084	name-only			武原縣
42832	PL000000013084	name-only			武原縣
42833	PL000000013084	name-only			武原縣
42899	PL000000009408	name-only			利城縣
42901	PL000000009408	name-only			利城縣
42926	PL000000060110	name-only			桃園縣
42930	PL000000058395	name-only			如皋縣
42931	PL000000058395	name-only			如皋縣
42944	PL000000031148	name-only			永固縣
43002	PL000000059259	name-only			潛山縣
43019	PL000000009492	name-only			義鄉縣
43030	PL000000016127	name-only			居巢縣
43032	PL000000016127	name-only			居巢縣
43033	PL000000016127	name-only			居巢縣
43035	PL000000016188	name-only			襄安縣
43046	PL000000016192	name-only			臨湖縣
43048	PL000000016192	name-only			臨湖縣
43051	PL000000016188	name-only			襄安縣
43053	PL000000016188	name-only			襄安縣
43054	PL000000016188	name-only			襄安縣
43064	PL000000046578	name-only			安樂縣
43067	PL000000016448	name-only			龍舒縣
43119	PL000000000870	name-only			成德縣
43121	PL000000000870	name-only			成德縣
43141	PL000000016474	name-only			霍山縣
43143	PL000000016474	name-only			霍山縣
43161	PL000000002558	name-only			新昌縣
43192	PL000000016016	name-only			竹縣
43248	PL000000016082	name-only			僮國
43263	PL000000010646	name-only			東陽縣
43264	PL000000010646	name-only			東陽縣
43266	PL000000015860	name-only			天長縣
43280	PL000000027718	name-only			新豐縣
43285	PL000000010621	name-only			盱眙縣
43287	PL000000010621	name-only			盱眙縣
43288	PL000000010621	name-only			盱眙縣
43289	PL000000010621	name-only			盱眙縣
43290	PL000000010621	name-only			盱眙縣
43292	PL000000010621	name-only			盱眙縣
43293	PL000000010621	name-only			盱眙縣
43294	PL000000010621	name-only			盱眙縣
43298	PL000000025587	name-only			考城縣
43332	PL000000058492	name-only			潁上縣
43333	PL000000058492	name-only			潁上縣
43334	PL000000058492	name-only			潁上縣
43416	PL000000016474	name-only			霍山縣
43417	PL000000016474	name-only			霍山縣
42122	PL000000025761	name-only			鍾武縣
42123	PL000000046578	name-only			安樂縣
42124	PL000000055311	name-only			重安縣
42136	PL000000002854	name-only			龍門縣
43558	PL000000059256	name-only			黃梅縣
87468	PL000000010146	name-only			海陽縣
87159	PL000000000394	name-only			廣平縣
87600	PL000000003595	name-only			蓚縣
87904	PL000000000394	name-only			廣平縣
87622	PL000000003546	name-only			博陵國
88117	PL000000003514	name-only			武強縣
70734	PL000000058524	name-only			臨潼縣
70586	PL000000046840	name-only			巴燕戎格廳
210002	PL000000005626	name-only			保德軍
210004	PL000000005616	name-only			火山軍
94201	PL000000005557	name-only			管州
210007	PL000000005557	name-only			管州
94187	PL000000004753	name-only			受州
210021	PL000000004753	name-only			受州
210022	PL000000004753	name-only			受州
210023	PL000000004083	name-only			平定軍
210024	PL000000004083	name-only			平定軍
210027	PL000000003799	name-only			太原國
212203	PL000000005595	name-only			岢嵐州
94188	PL000000043316	name-only			太州
210043	PL000000005286	name-only			肆州
210044	PL000000005286	name-only			肆州
212618	PL000000005286	name-only			肆州
210057	PL000000005674	name-only			敷城
210058	PL000000005544	name-only			寧化軍
212459	PL000000036512	name-only			方州
94162	PL000000006221	name-only			浩州
94191	PL000000007860	name-only			榆州
94193	PL000000004692	name-only			箕州
94194	PL000000004692	name-only			儀州
94196	PL000000004692	name-only			儀州
210091	PL000000004276	name-only			鄉郡
210092	PL000000004276	name-only			鄉郡
210099	PL000000004537	name-only			平齊郡
210100	PL000000004537	name-only			平齊郡
210103	PL000000002667	name-only			北靈丘郡
212208	PL000000004609	name-only			朔平府
210137	PL000000005989	name-only			呂州
94141	PL000000005989	name-only			呂州
210141	PL000000004980	name-only			北鄉郡
210142	PL000000005039	name-only			東雍州
210143	PL000000005039	name-only			東雍州
210152	PL000000005057	name-only			南絳
210153	PL000000005057	name-only			南絳
94066	PL000000004123	name-only			潞安府
210184	PL000000035494	name-only			北五城
210196	PL000000005674	name-only			敷城
210210	PL000000005714	name-only			禽昌
94062	PL000000004365	name-only			澤州府
210248	PL000000006242	name-only			歸化城廳
210249	PL000000006891	name-only			寧遠廳
210250	PL000000006243	name-only			綏遠城廳
210251	PL000000006314	name-only			和林格爾廳
210252	PL000000006331	name-only			清水河廳
210253	PL000000006283	name-only			托克托城廳
210254	PL000000006377	name-only			薩拉齊廳
210255	PL000000006931	name-only			豐鎮廳
210267	PL000000000325	name-only			順天
87659	PL000000002189	name-only			安肅軍
87668	PL000000002182	name-only			廣信軍
210272	PL000000002414	name-only			完州
87704	PL000000002398	name-only			永寧軍
87705	PL000000002398	name-only			永寧軍
87707	PL000000002395	name-only			蠡州
87736	PL000000002255	name-only			順安軍
87762	PL000000001517	name-only			武陽郡
87831	PL000000024722	name-only			開德府
87841	PL000000002515	name-only			鮮虞
87984	PL000000040507	name-only			宗州
88007	PL000000003211	name-only			獻州
212515	PL000000003241	name-only			鄚州
88040	PL000000003099	name-only			永靜軍
210330	PL000000000671	name-only			天津三衛
88256	PL000000000786	name-only			漳河
210342	PL000000001882	name-only			南趙郡
212383	PL000000001015	name-only			常山國
212384	PL000000001015	name-only			常山國
210369	PL000000022531	name-only			甘陵
212387	PL000000000793	name-only			真定國
212388	PL000000000793	name-only			真定國
87621	PL000000003546	name-only			博陵國
210386	PL000000003546	name-only			博陵國
210388	PL000000003388	name-only			章武國
210390	PL000000002444	name-only			高陽國
210399	PL000000000363	name-only			廣陽國
210410	PL000000000751	name-only			燕山
212511	PL000000002754	name-only			媯州
210414	PL000000002754	name-only			媯州
210415	PL000000002751	name-only			媯川
210416	PL000000002754	name-only			媯州
210417	PL000000002756	name-only			可汗州
210418	PL000000002756	name-only			可汗州
210425	PL000000006883	name-only			宣寧
210426	PL000000002583	name-only			宣府三衛
210427	PL000000002581	name-only			宣府鎮
88497	PL000000002567	name-only			張家口廳
88498	PL000000002819	name-only			獨石口廳
212601	PL000000022218	name-only			平原國
210463	PL000000022218	name-only			平原國
210507	PL000000021878	name-only			牟州
212602	PL000000020539	name-only			膠東國
212604	PL000000020539	name-only			膠東國
210528	PL000000020539	name-only			膠東國
210545	PL000000021956	name-only			東海國
210546	PL000000021956	name-only			東海國
210548	PL000000021956	name-only			東海國
210555	PL000000021536	name-only			襲慶府
210561	PL000000020783	name-only			滕州
210565	PL000000020721	name-only			鄫州
210566	PL000000020721	name-only			鄫州
210578	PL000000022890	name-only			濟寧路
210579	PL000000022890	name-only			濟寧路
210591	PL000000024806	name-only			濮陽國
210610	PL000000022986	name-only			定陶國
45348	PL000000022484	name-only			冠州
210644	PL000000001726	name-only			毛州
210645	PL000000001726	name-only			毛州
210650	PL000000024218	name-only			林州
212217	PL000000024082	name-only			鄴郡
210676	PL000000024249	name-only			安利軍
210679	PL000000024248	name-only			浚州
210681	PL000000024248	name-only			浚州
210714	PL000000005557	name-only			管州
210715	PL000000005557	name-only			管州
210717	PL000000023471	name-only			陳留國
210721	PL000000023329	name-only			汴州
210722	PL000000023329	name-only			汴州
210724	PL000000023329	name-only			汴州
210726	PL000000023329	name-only			汴州
210744	PL000000023359	name-only			杞州
212490	PL000000023359	name-only			杞州
210751	PL000000024926	name-only			鈞州
210766	PL000000025571	name-only			碭郡
210768	PL000000025571	name-only			碭郡
210770	PL000000025571	name-only			碭郡
210783	PL000000026090	name-only			淮陽國
210785	PL000000026090	name-only			淮陽國
210788	PL000000026090	name-only			淮陽國
210790	PL000000026090	name-only			淮陽國
210799	PL000000026066	name-only			淮寧
210809	PL000000025946	name-only			汝南國
212616	PL000000025946	name-only			汝南國
210817	PL000000034115	name-only			溱州
210822	PL000000025756	name-only			北義陽郡
210824	PL000000035797	name-only			宋安
210827	PL000000026525	name-only			南司州
210833	PL000000025768	name-only			南淮安左郡
210835	PL000000026258	name-only			初安郡
210836	PL000000026258	name-only			初安郡
210846	PL000000025873	name-only			北新蔡郡
210865	PL000000025959	name-only			息州
210866	PL000000025959	name-only			息州
210867	PL000000025959	name-only			息州
210868	PL000000025959	name-only			息州
212627	PL000000026305	name-only			淮州
212233	PL000000009949	name-only			金昌
210912	PL000000025033	name-only			陝郡
212499	PL000000029410	name-only			鼎州
212241	PL000000025449	name-only			南襄城郡
210924	PL000000025434	name-only			義陽國
210926	PL000000025204	name-only			南陽國
210938	PL000000036769	name-only			淯州
210940	PL000000036769	name-only			淯州
210945	PL000000019230	name-only			定南
210959	PL000000025315	name-only			析陽郡
210960	PL000000025315	name-only			析陽郡
210961	PL000000025380	name-only			淅陽郡
210967	PL000000038218	name-only			淅州
210969	PL000000025380	name-only			淅陽郡
210986	PL000000033554	name-only			周安
212248	PL000000034436	name-only			萬世
210988	PL000000031367	name-only			萬川
211001	PL000000038198	name-only			容山
211002	PL000000034595	name-only			石砫廳
212448	PL000000034644	name-only			黔安郡
211027	PL000000002398	name-only			永寧軍
211029	PL000000036386	name-only			順慶路
211044	PL000000036841	name-only			馬湖路
211068	PL000000037440	name-only			汶州
211074	PL000000034995	name-only			灌州
211076	PL000000035098	name-only			漢原郡
211081	PL000000035103	name-only			崇慶軍
211082	PL000000035103	name-only			崇慶府
212256	PL000000034888	name-only			寧蜀郡
211097	PL000000035040	name-only			濛州
211098	PL000000035040	name-only			濛州
211107	PL000000035354	name-only			新都國
211112	PL000000034880	name-only			金淵
211113	PL000000031635	name-only			齊樂郡
211114	PL000000036588	name-only			齊通左郡
211131	PL000000035121	name-only			和義
211133	PL000000035134	name-only			紹熙府
211135	PL000000035084	name-only			蜀郡屬國
211140	PL000000037127	name-only			天全六番招討司
212402	PL000000037076	name-only			黎州安撫司
211169	PL000000001182	name-only			昌城
96633	PL000000035482	name-only			潼川州
211179	PL000000035854	name-only			東遂寧郡
211191	PL000000036904	name-only			綏定府
211200	PL000000037006	name-only			太平廳
211202	PL000000033993	name-only			三巴
211211	PL000000035212	name-only			東江陽郡
211217	PL000000035430	name-only			潼州
211225	PL000000035570	name-only			石泉軍
211226	PL000000035570	name-only			石泉軍
211227	PL000000035570	name-only			石泉軍
211236	PL000000034136	name-only			庸州
96634	PL000000035255	name-only			敘永廳
212658	PL000000037527	name-only			扶州
211243	PL000000037513	name-only			松潘衛
211245	PL000000037513	name-only			松潘衛
96452	PL000000037485	name-only			松潘廳
211246	PL000000037485	name-only			松潘廳
211251	PL000000037457	name-only			柘州
211252	PL000000037457	name-only			柘州
96563	PL000000034104	name-only			渝州
212572	PL000000034104	name-only			渝州
211261	PL000000034104	name-only			渝州
96644	PL000000034101	name-only			重慶路
212264	PL000000036538	name-only			北巴西郡
211279	PL000000029099	name-only			南梁州
212567	PL000000037193	name-only			壁州
211300	PL000000037193	name-only			壁州
211302	PL000000037201	name-only			集州
212563	PL000000037201	name-only			集州
211303	PL000000037201	name-only			集州
211306	PL000000029099	name-only			南梁州
212670	PL000000035759	name-only			始州
212514	PL000000035759	name-only			始州
211315	PL000000043449	name-only			南白水
212267	PL000000046457	name-only			木門
211323	PL000000037177	name-only			北水郡
211325	PL000000011580	name-only			石山
211327	PL000000036393	name-only			南宕渠郡
211339	PL000000036766	name-only			長寧軍
211344	PL000000035599	name-only			西龍門郡
96637	PL000000037612	name-only			打箭爐廳
211355	PL000000037713	name-only			嶲州
211358	PL000000037713	name-only			嶲州
211360	PL000000037713	name-only			嶲州
211361	PL000000037713	name-only			嶲州
211362	PL000000037713	name-only			嶲州
211365	PL000000037735	name-only			四川行都司
211366	PL000000037734	name-only			建昌衛
211367	PL000000037774	name-only			德昌路
212272	PL000000037678	name-only			登科府
211374	PL000000035697	name-only			宋熙郡
212401	PL000000007010	name-only			多倫諾爾廳
211399	PL000000044320	name-only			晉寧軍
211405	PL000000044088	name-only			榆林衛
211419	PL000000043692	name-only			定邊軍
212434	PL000000044254	name-only			鹽川郡
70349	PL000000043333	name-only			潼關衛
211429	PL000000042201	name-only			奉元路
211439	PL000000043113	name-only			醴州
211443	PL000000043316	name-only			太州
211446	PL000000043316	name-only			太州
211448	PL000000025033	name-only			興德府
212518	PL000000040052	name-only			褒州
211459	PL000000043850	name-only			興元路
71094	PL000000044004	name-only			大安軍
71096	PL000000044004	name-only			大安軍
71234	PL000000037455	name-only			直州
211476	PL000000042910	name-only			扶風國
211487	PL000000045639	name-only			安西州
211489	PL000000045821	name-only			敦煌鎮
211498	PL000000044590	name-only			蘭州府
211507	PL000000044807	name-only			靖虜衛
211519	PL000000046073	name-only			定西州
211526	PL000000046123	name-only			鞏昌路
211540	PL000000046659	name-only			洮州衛
211547	PL000000047289	name-only			鎮戎軍
211550	PL000000047303	name-only			開成
212278	PL000000004692	name-only			儀州
212581	PL000000045875	name-only			順化郡
211561	PL000000047094	name-only			寧夏衛
211562	PL000000047094	name-only			寧夏衛
211568	PL000000045187	name-only			甘州府
211577	PL000000045058	name-only			涼州衛
211579	PL000000044765	name-only			永昌衛
211581	PL000000046805	name-only			鄯州
211583	PL000000046805	name-only			鄯州
211585	PL000000046732	name-only			西寧衛
211587	PL000000045511	name-only			莊浪
211602	PL000000000611	name-only			鎮遠軍
211619	PL000000029410	name-only			鼎州
211625	PL000000043501	name-only			北雍州
211626	PL000000043501	name-only			北雍州
211631	PL000000042732	name-only			崇州
211636	PL000000043682	name-only			保安軍
211642	PL000000044258	name-only			闡熙郡
211648	PL000000042852	name-only			平秦郡
211657	PL000000042756	name-only			東秦州
211661	PL000000042756	name-only			東秦州
211662	PL000000042756	name-only			東秦州
211676	PL000000029810	name-only			漢寧
211682	PL000000046496	name-only			固道郡
211683	PL000000046496	name-only			固道郡
211686	PL000000040052	name-only			褒州
211695	PL000000006687	name-only			化政郡
212634	PL000000029099	name-only			南梁州
211720	PL000000037455	name-only			直州
211721	PL000000037455	name-only			直州
212641	PL000000005039	name-only			東雍州
211734	PL000000044519	name-only			拒陽
211740	PL000000045437	name-only			趙平郡
211745	PL000000044287	name-only			綏德軍
211778	PL000000046149	name-only			隴西國
211782	PL000000044946	name-only			廣魏郡
211797	PL000000046269	name-only			岷州衛
211798	PL000000046656	name-only			洪和郡
211803	PL000000047357	name-only			化平川廳
211804	PL000000045499	name-only			義寧軍
211806	PL000000047347	name-only			德順軍
211817	PL000000046018	name-only			趙興郡
212656	PL000000047152	name-only			薄骨律鎮
211828	PL000000045361	name-only			山丹衛
211833	PL000000045146	name-only			魏安郡
211842	PL000000046810	name-only			鄯善鎮
211843	PL000000046805	name-only			鄯州
211844	PL000000048576	name-only			樂都
211845	PL000000048576	name-only			樂都
211846	PL000000046813	name-only			湟州
211865	PL000000059739	name-only			光華
211867	PL000000046302	name-only			武階郡
211877	PL000000046324	name-only			廣業郡
211891	PL000000045570	name-only			肅州衛
99388	PL000000038301	name-only			琰州
99391	PL000000038244	name-only			普定
99392	PL000000055785	name-only			羅甸
99393	PL000000038246	name-only			普定路
211909	PL000000038242	name-only			普定衛
99395	PL000000038259	name-only			平壩衛
99396	PL000000038280	name-only			安莊衛
99402	PL000000038881	name-only			南牂柯郡
99406	PL000000038933	name-only			候州
99410	PL000000039093	name-only			峨州
99411	PL000000038904	name-only			勞州
99413	PL000000038739	name-only			亮州
99416	PL000000039089	name-only			定雲府
99428	PL000000039028	name-only			令州
99438	PL000000037999	name-only			威清衛
99442	PL000000039013	name-only			金竹府
99443	PL000000038765	name-only			五開衛
99445	PL000000038738	name-only			銅鼓衛
99446	PL000000038738	name-only			銅鼓衛
99448	PL000000038645	name-only			黃平府
99449	PL000000038656	name-only			興隆衛
211916	PL000000038878	name-only			平越衛
211917	PL000000038865	name-only			平越州
99454	PL000000038377	name-only			費州
211919	PL000000038342	name-only			平溪衛
211921	PL000000038424	name-only			松桃廳
99496	PL000000038059	name-only			播州宣撫司
211922	PL000000038225	name-only			仁懷廳
80020	PL000000039980	name-only			傍州
80022	PL000000040052	name-only			褒州
80092	PL000000039372	name-only			東川路
80141	PL000000041381	name-only			和往州
211926	PL000000041400	name-only			鶴慶府
211927	PL000000041401	name-only			鶴慶路
80157	PL000000030030	name-only			鶴州
80171	PL000000039612	name-only			犍為屬國
211928	PL000000039822	name-only			景東府
211929	PL000000039821	name-only			景東廳
80230	PL000000039121	name-only			昆州
80231	PL000000039121	name-only			昆州
80295	PL000000041413	name-only			麓川
80297	PL000000041413	name-only			麓川路
211930	PL000000041413	name-only			麓川路
80325	PL000000039405	name-only			麻州
80332	PL000000041417	name-only			茫施路
80333	PL000000039863	name-only			茫天連
80334	PL000000040053	name-only			髳州
211933	PL000000041299	name-only			蒙化府
80343	PL000000041299	name-only			蒙化府
211934	PL000000041298	name-only			蒙化廳
80356	PL000000041303	name-only			蒙舍州
80366	PL000000039940	name-only			孟定路
80389	PL000000041402	name-only			謀統府
80392	PL000000039943	name-only			謀粘路
80396	PL000000039862	name-only			木連路
211936	PL000000040088	name-only			南甸
80429	PL000000039605	name-only			南朱提郡
80451	PL000000041472	name-only			平緬路
80460	PL000000039652	name-only			鉗州
80474	PL000000040008	name-only			丘州
80475	PL000000040093	name-only			求州
80476	PL000000039616	name-only			曲州
80481	PL000000047543	name-only			柔遠
80490	PL000000041379	name-only			舍利州
80540	PL000000039471	name-only			唐封
80554	PL000000041380	name-only			邆備州
80603	PL000000039974	name-only			望州
211946	PL000000039828	name-only			威遠廳
80678	PL000000039721	name-only			袖州
80692	PL000000040023	name-only			姚安府
211951	PL000000040023	name-only			姚安府
80694	PL000000040025	name-only			姚安路
80738	PL000000040032	name-only			尹州
80778	PL000000041273	name-only			越析詔
80779	PL000000041273	name-only			越析州
80797	PL000000040483	name-only			曾州
211956	PL000000039883	name-only			鎮邊廳
211957	PL000000039883	name-only			鎮邊廳
211958	PL000000039883	name-only			鎮邊廳
80817	PL000000039917	name-only			鎮康路
80826	PL000000047563	name-only			鎮西府
80827	PL000000041446	name-only			鎮西路
211959	PL000000039851	name-only			鎮沅府
211961	PL000000039849	name-only			鎮沅州
80849	PL000000040507	name-only			宗州
212292	PL000000044277	name-only			匡州
211963	PL000000039295	name-only			庲降都督
211965	PL000000039566	name-only			騰越廳
212299	PL000000040453	name-only			西阿郡
211972	PL000000040219	name-only			廣西州
211974	PL000000039114	name-only			中慶路
211981	PL000000039445	name-only			澂江路
211988	PL000000039804	name-only			普洱府
211992	PL000000039599	name-only			烏蒙路
211993	PL000000039598	name-only			烏蒙府
211994	PL000000039596	name-only			昭通府
211995	PL000000039496	name-only			元江路
211996	PL000000039494	name-only			元江府
211997	PL000000039493	name-only			元江州
211999	PL000000039777	name-only			瀾滄衛
212000	PL000000039757	name-only			北勝州
212001	PL000000039757	name-only			北勝州
212003	PL000000039756	name-only			永北廳
80296	PL000000041413	name-only			麓川路
212006	PL000000048818	name-only			孟隆路
212007	PL000000049628	name-only			蒙慶府
212008	PL000000048726	name-only			蒙兀路
212010	PL000000040246	name-only			和泥路
212011	PL000000048823	name-only			木邦路
212021	PL000000039682	name-only			鎮雄州
212022	PL000000039684	name-only			鎮雄府
212025	PL000000002624	name-only			威寧
212026	PL000000038608	name-only			烏撒路
212027	PL000000038607	name-only			烏撒府
212028	PL000000038549	name-only			畢節衛
212029	PL000000038547	name-only			赤水衛
212030	PL000000035260	name-only			普市所
212037	PL000000038915	name-only			新添葛蠻安撫司
212040	PL000000038502	name-only			安南衛
212044	PL000000038041	name-only			普安衛
212047	PL000000040397	name-only			茫部
212049	PL000000038696	name-only			清浪衛
99263	PL000000038644	name-only			黃平安撫司
212050	PL000000038669	name-only			偏橋衛
212054	PL000000036830	name-only			瀘州衛
212055	PL000000036830	name-only			瀘州衛
212056	PL000000034600	name-only			平茶洞司
34313	PL000000028427	name-only			施州衛
34319	PL000000026630	name-only			鄖陽府
34340	PL000000028514	name-only			師壁洞安撫司
34343	PL000000028477	name-only			施南宣撫司
34392	PL000000026525	name-only			南司州
34393	PL000000028163	name-only			亭州
34445	PL000000047994	name-only			玉州
34450	PL000000047994	name-only			玉州
34459	PL000000026997	name-only			東松州
34463	PL000000026833	name-only			硤州
34473	PL000000034136	name-only			庸州
34474	PL000000028163	name-only			亭州
34477	PL000000030187	name-only			業州
34496	PL000000027327	name-only			棗陽軍
34497	PL000000028309	name-only			隋州
34499	PL000000028309	name-only			隋州
34501	PL000000028309	name-only			隋州
34533	PL000000027342	name-only			章陵
212301	PL000000056942	name-only			遼東
212303	PL000000007076	name-only			盛京
212304	PL000000007076	name-only			盛京
212309	PL000000007306	name-only			興京廳
212313	PL000000007151	name-only			新民廳
212315	PL000000030324	name-only			鳳凰廳
212322	PL000000008057	name-only			長白
212324	PL000000036209	name-only			黑龍江
212328	PL000000059373	name-only			龍江
212330	PL000000008132	name-only			呼蘭
212347	PL000000007983	name-only			吉林
212351	PL000000007983	name-only			吉林
212353	PL000000007956	name-only			長春廳
212354	PL000000007956	name-only			長春廳
212355	PL000000008059	name-only			長春
212361	PL000000028194	name-only			雙城
212057	PL000000035505	name-only			西宕渠郡
96387	PL000000037017	name-only			六番招討司
212559	PL000000037564	name-only			當州
212593	PL000000037516	name-only			江源
212071	PL000000037564	name-only			當州
212072	PL000000046350	name-only			北部
212073	PL000000037807	name-only			會川衛
212077	PL000000037751	name-only			柏興府
212078	PL000000037760	name-only			鹽井衛
212094	PL000000046520	name-only			槃頭
212097	PL000000059130	name-only			長岡郡
87737	PL000000002255	name-only			順安軍
88220	PL000000003080	name-only			乾寧軍
212101	PL000000003401	name-only			保定軍
212103	PL000000003424	name-only			信安軍
87660	PL000000002189	name-only			安肅軍
212115	PL000000045511	name-only			莊浪
212116	PL000000045511	name-only			莊浪
212117	PL000000047227	name-only			寧夏後衛
212123	PL000000047387	name-only			寧夏中衛
212127	PL000000045321	name-only			鎮夷所
212129	PL000000045140	name-only			鎮番衛
212133	PL000000038244	name-only			普定
212134	PL000000039812	name-only			馬龍他郎甸司
212138	PL000000039758	name-only			北勝府
212139	PL000000039910	name-only			大侯州
212145	PL000000039861	name-only			孟璉司
212146	PL000000039250	name-only			尋甸府
212147	PL000000039250	name-only			尋甸府
212148	PL000000039252	name-only			仁德府
212151	PL000000038170	name-only			思州宣撫司
212160	PL000000033462	name-only			慶遠南丹安撫司
35424	PL000000033698	name-only			思明路
212167	PL000000033720	name-only			龍州萬戶府
35465	PL000000033462	name-only			慶遠南丹安撫司
212177	PL000000033126	name-only			泗城府
35482	PL000000033164	name-only			西隆州
212192	PL000000033021	name-only			百色廳
212193	PL000000033700	name-only			思明府
32019	PL000000018488	name-only			福寧府
32020	PL000000017943	name-only			永春州
32031	PL000000054933	name-only			臺東州
32044	PL000000018407	name-only			臨汀郡
32049	PL000000017165	name-only			閩州
32056	PL000000017169	name-only			晉平郡
32077	PL000000017998	name-only			梁安郡
32083	PL000000017165	name-only			閩州
32101	PL000000018374	name-only			龍岩州
32142	PL000000054933	name-only			臺東州
32149	PL000000017743	name-only			鏞州
32150	PL000000018143	name-only			鐔州
32208	PL000000057159	name-only			嵊州
32238	PL000000012516	name-only			東嘉州
32240	PL000000014929	name-only			處州路
32279	PL000000013627	name-only			麗州
32302	PL000000010980	name-only			鎮江路
32345	PL000000012134	name-only			潛州
32361	PL000000013134	name-only			鄣郡
32365	PL000000009743	name-only			毗陵典農校尉
32369	PL000000010959	name-only			南東海郡
32399	PL000000009419	name-only			江陰軍
32400	PL000000009419	name-only			江陰軍
32046	PL000000009419	name-only			江陰軍
32402	PL000000009419	name-only			江陰軍
32468	PL000000017042	name-only			猷州
32481	PL000000015326	name-only			南豫州
32565	PL000000019111	name-only			贛州
32592	PL000000018617	name-only			洪都
32609	PL000000006221	name-only			浩州
32626	PL000000019789	name-only			瑞州
32634	PL000000020066	name-only			鉛山州
32751	PL000000028653	name-only			天臨路
32758	PL000000029406	name-only			常德路
32775	PL000000030303	name-only			乾州廳
32776	PL000000030324	name-only			鳳凰廳
32777	PL000000030333	name-only			永綏廳
32778	PL000000030333	name-only			永綏廳
32803	PL000000030162	name-only			晃州廳
33024	PL000000031098	name-only			肇慶路
33033	PL000000031642	name-only			連山廳
33035	PL000000031684	name-only			英德州
33037	PL000000031684	name-only			英德州
33040	PL000000030707	name-only			南雄路
33041	PL000000030705	name-only			南雄府
33043	PL000000030705	name-only			南雄府
33059	PL000000030859	name-only			赤溪廳
33060	PL000000031329	name-only			嘉應州
33062	PL000000031329	name-only			嘉應州
33063	PL000000033886	name-only			南寧軍
33067	PL000000033832	name-only			乾寧安撫司
32811	PL000000028674	name-only			長沙國
32813	PL000000028674	name-only			長沙國
32815	PL000000028674	name-only			長沙國
32818	PL000000028674	name-only			長沙國
32829	PL000000047994	name-only			玉州
32842	PL000000029671	name-only			敦州
32856	PL000000030030	name-only			鶴州
32857	PL000000030187	name-only			業州
32859	PL000000030187	name-only			業州
32860	PL000000030190	name-only			獎州
32868	PL000000031963	name-only			誠州
32870	PL000000031963	name-only			誠州
32881	PL000000029410	name-only			鼎州
32903	PL000000029099	name-only			南梁州
32907	PL000000029098	name-only			敏州
32911	PL000000030245	name-only			巫州
32913	PL000000030245	name-only			巫州
32914	PL000000030179	name-only			潭陽
32915	PL000000030245	name-only			巫州
32927	PL000000035218	name-only			純州
32936	PL000000029705	name-only			桂陽軍
32953	PL000000042732	name-only			崇州
34278	PL000000031587	name-only			春州
34005	PL000000031917	name-only			勤州
34006	PL000000031587	name-only			春州
34007	PL000000031587	name-only			春州
34008	PL000000031587	name-only			春州
34014	PL000000033865	name-only			朱崖軍
34019	PL000000033851	name-only			振州
34020	PL000000033889	name-only			儋州
34026	PL000000032706	name-only			陸州
34027	PL000000032706	name-only			陸州
34046	PL000000031687	name-only			英州
34049	PL000000031064	name-only			辯州
34051	PL000000031064	name-only			辯州
34055	PL000000032972	name-only			山州
34056	PL000000031045	name-only			潘州
34060	PL000000031024	name-only			竇州
34061	PL000000031024	name-only			竇州
34062	PL000000031024	name-only			竇州
34063	PL000000031073	name-only			瀧州
34077	PL000000030467	name-only			番州
34105	PL000000033939	name-only			南建州
34109	PL000000031917	name-only			勤州
34110	PL000000031917	name-only			勤州
34111	PL000000031917	name-only			勤州
34112	PL000000031917	name-only			雲浮郡
34113	PL000000031587	name-only			春州
34115	PL000000031073	name-only			瀧州
34119	PL000000031024	name-only			竇州
34127	PL000000031045	name-only			潘州
34128	PL000000031045	name-only			南潘郡
34133	PL000000031064	name-only			辯州
34144	PL000000032712	name-only			寧越郡
34146	PL000000032712	name-only			寧越郡
34147	PL000000040182	name-only			南亭
34149	PL000000032706	name-only			陸州
34160	PL000000002729	name-only			萬全
34161	PL000000033848	name-only			臨振郡
34162	PL000000033851	name-only			振州
34163	PL000000033848	name-only			臨振郡
34166	PL000000033889	name-only			儋州
34168	PL000000031045	name-only			潘州
34178	PL000000035797	name-only			宋安
34179	PL000000031635	name-only			齊樂郡
34194	PL000000030467	name-only			番州
34201	PL000000031132	name-only			綏建郡
34218	PL000000031074	name-only			廣熙郡
34219	PL000000031074	name-only			廣熙郡
34224	PL000000031073	name-only			瀧州
34228	PL000000035697	name-only			宋熙郡
34229	PL000000031235	name-only			宋隆郡
34230	PL000000035697	name-only			宋熙郡
34236	PL000000030950	name-only			珠官
34243	PL000000030946	name-only			朱崖郡
34245	PL000000031549	name-only			宋康郡
34252	PL000000031013	name-only			南巴
34265	PL000000032618	name-only			鹽田郡
34268	PL000000032731	name-only			宋廣
34271	PL000000047994	name-only			玉州
33340	PL000000010783	name-only			邗州
33307	PL000000010783	name-only			淮海
33348	PL000000011208	name-only			東楚州
33356	PL000000010505	name-only			淮安
33365	PL000000009623	name-only			淮陽軍
33374	PL000000010632	name-only			盱眙軍
33376	PL000000010632	name-only			盱眙軍
33383	PL000000042732	name-only			崇州
33311	PL000000010381	name-only			海門廳
33384	PL000000010590	name-only			漣州
33385	PL000000010589	name-only			漣水軍
33386	PL000000010589	name-only			漣水軍
33387	PL000000010589	name-only			漣水軍
33388	PL000000010589	name-only			漣水軍
33389	PL000000010589	name-only			漣水軍
33393	PL000000038173	name-only			承州
33399	PL000000021956	name-only			東海國
33400	PL000000021956	name-only			東海國
33402	PL000000021956	name-only			東海國
33404	PL000000021956	name-only			東海國
33409	PL000000010839	name-only			廣陵國
33411	PL000000010839	name-only			廣陵國
33412	PL000000032684	name-only			江平
33414	PL000000010839	name-only			廣陵國
33426	PL000000009637	name-only			下邳國
33432	PL000000011257	name-only			泗水國
33434	PL000000011257	name-only			泗水國
33442	PL000000036512	name-only			方州
33473	PL000000016342	name-only			安豐軍
33475	PL000000016342	name-only			安豐軍
33503	PL000000015414	name-only			安慶路
33522	PL000000015236	name-only			仁州
35262	PL000000033007	name-only			禺州
35263	PL000000033007	name-only			禺州
35259	PL000000033007	name-only			禺州
35260	PL000000032945	name-only			溫水
35261	PL000000033007	name-only			禺州
35241	PL000000032972	name-only			山州
35243	PL000000032972	name-only			山州
35002	PL000000033625	name-only			象郡
35003	PL000000033625	name-only			象郡
35392	PL000000033677	name-only			籠州
35390	PL000000033677	name-only			籠州
35292	PL000000032806	name-only			懷澤
35127	PL000000010388	name-only			鬱州
35126	PL000000040032	name-only			尹州
35064	PL000000032795	name-only			郁林郡
35065	PL000000032795	name-only			郁林郡
35128	PL000000032795	name-only			郁林郡
35228	PL000000032899	name-only			常林
35224	PL000000024218	name-only			林州
35010	PL000000032795	name-only			郁林郡
35009	PL000000032795	name-only			郁林郡
35008	PL000000032795	name-only			郁林郡
35007	PL000000032795	name-only			郁林郡
35063	PL000000032795	name-only			郁林郡
35062	PL000000032795	name-only			郁林郡
35005	PL000000032795	name-only			郁林郡
35004	PL000000032795	name-only			郁林郡
35113	PL000000032618	name-only			鹽田郡
35045	PL000000030950	name-only			珠官
35046	PL000000030950	name-only			珠官
35060	PL000000001151	name-only			樂陽
35059	PL000000032101	name-only			簡陽
35340	PL000000033608	name-only			循德
35076	PL000000033625	name-only			象郡
35384	PL000000031970	name-only			朗寧
35387	PL000000031963	name-only			誠州
35156	PL000000032844	name-only			思唐州
35157	PL000000032844	name-only			思唐州
35326	PL000000032030	name-only			澄州
35328	PL000000032030	name-only			澄州
35327	PL000000033555	name-only			賀水
35329	PL000000032030	name-only			澄州
35197	PL000000032555	name-only			感義
35122	PL000000020783	name-only			滕州
35075	PL000000030617	name-only			韶陽
35366	PL000000033540	name-only			芝州
35368	PL000000033540	name-only			芝州
35275	PL000000032910	name-only			牢州
35274	PL000000032910	name-only			牢州
35277	PL000000032910	name-only			牢州
35235	PL000000032988	name-only			黨州
35230	PL000000032988	name-only			黨州
35231	PL000000032988	name-only			黨州
35232	PL000000032988	name-only			黨州
35236	PL000000032988	name-only			黨州
35233	PL000000032988	name-only			黨州
35301	PL000000010388	name-only			鬱州
35304	PL000000032795	name-only			郁林郡
35257	PL000000031045	name-only			潘州
